0,-0.46,0.0,4.068714436786182,0.0,0.88,17.959367454847275,0,0,1,0,1
0,-0.46,0.0,4.068714436786182,0.0,0.88,17.959367454847275,0,0,1,0,1
1,-0.06,0.0,1.185133263022828,23.126708155586094,0.55,21.070809473587733,0,0,1,0,2
0,-0.46,0.0,4.068714436786182,0.0,0.88,17.959367454847275,0,0,1,0,1
1,-0.06,0.0,1.185133263022828,23.126708155586094,0.55,21.070809473587733,0,0,1,0,2
2,-0.18,0.0,2.307948895126126,20.82324871413701,1.09,20.0765349250901,0,0,1,0,3
0,-0.46,0.0,4.068714436786182,0.0,0.88,17.959367454847275,0,0,1,0,1
1,-0.06,0.0,1.185133263022828,23.126708155586094,0.55,21.070809473587733,0,0,1,0,2
2,-0.18,0.0,2.307948895126126,20.82324871413701,1.09,20.0765349250901,0,0,1,0,3
3,-0.09,0.0,1.793746319734398,21.142827170336094,0.72,20.662390228381717,0,0,1,0,4
0,-0.46,0.0,4.068714436786182,0.0,0.88,17.959367454847275,0,0,1,0,1
1,-0.06,0.0,1.185133263022828,23.126708155586094,0.55,21.070809473587733,0,0,1,0,2
2,-0.18,0.0,2.307948895126126,20.82324871413701,1.09,20.0765349250901,0,0,1,0,3
3,-0.09,0.0,1.793746319734398,21.142827170336094,0.72,20.662390228381717,0,0,1,0,4
4,-0.15,0.0,3.4329652747178954,21.06065016678258,0.57,21.710403767655635,0,0,1,0,5
0,-0.46,0.0,4.068714436786182,0.0,0.88,17.959367454847275,0,0,1,0,1
1,-0.06,0.0,1.185133263022828,23.126708155586094,0.55,21.070809473587733,0,0,1,0,2
2,-0.18,0.0,2.307948895126126,20.82324871413701,1.09,20.0765349250901,0,0,1,0,3
3,-0.09,0.0,1.793746319734398,21.142827170336094,0.72,20.662390228381717,0,0,1,0,4
4,-0.15,0.0,3.4329652747178954,21.06065016678258,0.57,21.710403767655635,0,0,1,0,5
5,-0.17,0.0,2.916916695549317,20.159136502118855,0.37,21.073226211106654,0,0,1,0,6
0,-0.46,0.0,4.068714436786182,0.0,0.88,17.959367454847275,0,0,1,0,1
1,-0.06,0.0,1.185133263022828,23.126708155586094,0.55,21.070809473587733,0,0,1,0,2
2,-0.18,0.0,2.307948895126126,20.82324871413701,1.09,20.0765349250901,0,0,1,0,3
3,-0.09,0.0,1.793746319734398,21.142827170336094,0.72,20.662390228381717,0,0,1,0,4
4,-0.15,0.0,3.4329652747178954,21.06065016678258,0.57,21.710403767655635,0,0,1,0,5
5,-0.17,0.0,2.916916695549317,20.159136502118855,0.37,21.073226211106654,0,0,1,0,6
6,-0.47,0.0,3.3140424617780546,15.858070114810417,1.0,17.68145890127004,0,0,1,0,7
0,-0.46,0.0,4.068714436786182,0.0,0.88,17.959367454847275,0,0,1,0,1
1,-0.06,0.0,1.185133263022828,23.126708155586094,0.55,21.070809473587733,0,0,1,0,2
2,-0.18,0.0,2.307948895126126,20.82324871413701,1.09,20.0765349250901,0,0,1,0,3
3,-0.09,0.0,1.793746319734398,21.142827170336094,0.72,20.662390228381717,0,0,1,0,4
4,-0.15,0.0,3.4329652747178954,21.06065016678258,0.57,21.710403767655635,0,0,1,0,5
5,-0.17,0.0,2.916916695549317,20.159136502118855,0.37,21.073226211106654,0,0,1,0,6
6,-0.47,0.0,3.3140424617780546,15.858070114810417,1.0,17.68145890127004,0,0,1,0,7
7,-0.2,0.0,4.043561640377361,18.841462195216735,0.81,21.583115457412404,0,0,1,0,8
0,-0.46,0.0,4.068714436786182,0.0,0.88,17.959367454847275,0,0,1,0,1
1,-0.06,0.0,1.185133263022828,23.126708155586094,0.55,21.070809473587733,0,0,1,0,2
2,-0.18,0.0,2.307948895126126,20.82324871413701,1.09,20.0765349250901,0,0,1,0,3
3,-0.09,0.0,1.793746319734398,21.142827170336094,0.72,20.662390228381717,0,0,1,0,4
4,-0.15,0.0,3.4329652747178954,21.06065016678258,0.57,21.710403767655635,0,0,1,0,5
5,-0.17,0.0,2.916916695549317,20.159136502118855,0.37,21.073226211106654,0,0,1,0,6
6,-0.47,0.0,3.3140424617780546,15.858070114810417,1.0,17.68145890127004,0,0,1,0,7
7,-0.2,0.0,4.043561640377361,18.841462195216735,0.81,21.583115457412404,0,0,1,0,8
8,-0.06,0.0,3.0259906134894403,20.86350096984963,1.34,21.417993295349603,0,0,1,0,9
0,-0.46,0.0,4.068714436786182,0.0,0.88,17.959367454847275,0,0,1,0,1
1,-0.06,0.0,1.185133263022828,23.126708155586094,0.55,21.070809473587733,0,0,1,0,2
2,-0.18,0.0,2.307948895126126,20.82324871413701,1.09,20.0765349250901,0,0,1,0,3
3,-0.09,0.0,1.793746319734398,21.142827170336094,0.72,20.662390228381717,0,0,1,0,4
4,-0.15,0.0,3.4329652747178954,21.06065016678258,0.57,21.710403767655635,0,0,1,0,5
5,-0.17,0.0,2.916916695549317,20.159136502118855,0.37,21.073226211106654,0,0,1,0,6
6,-0.47,0.0,3.3140424617780546,15.858070114810417,1.0,17.68145890127004,0,0,1,0,7
7,-0.2,0.0,4.043561640377361,18.841462195216735,0.81,21.583115457412404,0,0,1,0,8
8,-0.06,0.0,3.0259906134894403,20.86350096984963,1.34,21.417993295349603,0,0,1,0,9
9,-0.35,0.0,3.5550231048662537,19.42558494547309,0.85,20.18073078919019,0,0,1,0,10
0,-0.46,0.0,4.068714436786182,0.0,0.88,17.959367454847275,0,0,1,0,1
1,-0.06,0.0,1.185133263022828,23.126708155586094,0.55,21.070809473587733,0,0,1,0,2
2,-0.18,0.0,2.307948895126126,20.82324871413701,1.09,20.0765349250901,0,0,1,0,3
3,-0.09,0.0,1.793746319734398,21.142827170336094,0.72,20.662390228381717,0,0,1,0,4
4,-0.15,0.0,3.4329652747178954,21.06065016678258,0.57,21.710403767655635,0,0,1,0,5
5,-0.17,0.0,2.916916695549317,20.159136502118855,0.37,21.073226211106654,0,0,1,0,6
6,-0.47,0.0,3.3140424617780546,15.858070114810417,1.0,17.68145890127004,0,0,1,0,7
7,-0.2,0.0,4.043561640377361,18.841462195216735,0.81,21.583115457412404,0,0,1,0,8
8,-0.06,0.0,3.0259906134894403,20.86350096984963,1.34,21.417993295349603,0,0,1,0,9
9,-0.35,0.0,3.5550231048662537,19.42558494547309,0.85,20.18073078919019,0,0,1,0,10
10,-0.14,0.0,3.4141359884202767,20.803127798046553,0.8,21.59152570601448,0,0,1,0,11
0,-0.46,0.0,4.068714436786182,0.0,0.88,17.959367454847275,0,0,1,0,1
1,-0.06,0.0,1.185133263022828,23.126708155586094,0.55,21.070809473587733,0,0,1,0,2
2,-0.18,0.0,2.307948895126126,20.82324871413701,1.09,20.0765349250901,0,0,1,0,3
3,-0.09,0.0,1.793746319734398,21.142827170336094,0.72,20.662390228381717,0,0,1,0,4
4,-0.15,0.0,3.4329652747178954,21.06065016678258,0.57,21.710403767655635,0,0,1,0,5
5,-0.17,0.0,2.916916695549317,20.159136502118855,0.37,21.073226211106654,0,0,1,0,6
6,-0.47,0.0,3.3140424617780546,15.858070114810417,1.0,17.68145890127004,0,0,1,0,7
7,-0.2,0.0,4.043561640377361,18.841462195216735,0.81,21.583115457412404,0,0,1,0,8
8,-0.06,0.0,3.0259906134894403,20.86350096984963,1.34,21.417993295349603,0,0,1,0,9
9,-0.35,0.0,3.5550231048662537,19.42558494547309,0.85,20.18073078919019,0,0,1,0,10
10,-0.14,0.0,3.4141359884202767,20.803127798046553,0.8,21.59152570601448,0,0,1,0,11
11,-0.11,0.0,2.8292937832189273,20.659646849679994,0.54,21.59606698801352,0,0,1,0,12
0,-0.46,0.0,4.068714436786182,0.0,0.88,17.959367454847275,0,0,1,0,1
1,-0.06,0.0,1.185133263022828,23.126708155586094,0.55,21.070809473587733,0,0,1,0,2
2,-0.18,0.0,2.307948895126126,20.82324871413701,1.09,20.0765349250901,0,0,1,0,3
3,-0.09,0.0,1.793746319734398,21.142827170336094,0.72,20.662390228381717,0,0,1,0,4
4,-0.15,0.0,3.4329652747178954,21.06065016678258,0.57,21.710403767655635,0,0,1,0,5
5,-0.17,0.0,2.916916695549317,20.159136502118855,0.37,21.073226211106654,0,0,1,0,6
6,-0.47,0.0,3.3140424617780546,15.858070114810417,1.0,17.68145890127004,0,0,1,0,7
7,-0.2,0.0,4.043561640377361,18.841462195216735,0.81,21.583115457412404,0,0,1,0,8
8,-0.06,0.0,3.0259906134894403,20.86350096984963,1.34,21.417993295349603,0,0,1,0,9
9,-0.35,0.0,3.5550231048662537,19.42558494547309,0.85,20.18073078919019,0,0,1,0,10
10,-0.14,0.0,3.4141359884202767,20.803127798046553,0.8,21.59152570601448,0,0,1,0,11
11,-0.11,0.0,2.8292937832189273,20.659646849679994,0.54,21.59606698801352,0,0,1,0,12
12,-0.29,0.0,4.006476299034405,18.88831452899054,0.46,20.8080544993103,0,0,1,0,13
0,-0.46,0.0,4.068714436786182,0.0,0.88,17.959367454847275,0,0,1,0,1
1,-0.06,0.0,1.185133263022828,23.126708155586094,0.55,21.070809473587733,0,0,1,0,2
2,-0.18,0.0,2.307948895126126,20.82324871413701,1.09,20.0765349250901,0,0,1,0,3
3,-0.09,0.0,1.793746319734398,21.142827170336094,0.72,20.662390228381717,0,0,1,0,4
4,-0.15,0.0,3.4329652747178954,21.06065016678258,0.57,21.710403767655635,0,0,1,0,5
5,-0.17,0.0,2.916916695549317,20.159136502118855,0.37,21.073226211106654,0,0,1,0,6
6,-0.47,0.0,3.3140424617780546,15.858070114810417,1.0,17.68145890127004,0,0,1,0,7
7,-0.2,0.0,4.043561640377361,18.841462195216735,0.81,21.583115457412404,0,0,1,0,8
8,-0.06,0.0,3.0259906134894403,20.86350096984963,1.34,21.417993295349603,0,0,1,0,9
9,-0.35,0.0,3.5550231048662537,19.42558494547309,0.85,20.18073078919019,0,0,1,0,10
10,-0.14,0.0,3.4141359884202767,20.803127798046553,0.8,21.59152570601448,0,0,1,0,11
11,-0.11,0.0,2.8292937832189273,20.659646849679994,0.54,21.59606698801352,0,0,1,0,12
12,-0.29,0.0,4.006476299034405,18.88831452899054,0.46,20.8080544993103,0,0,1,0,13
13,-0.13,0.0,2.8630207198344007,20.611144116223986,0.84,21.223014799881724,0,0,1,0,14
0,-0.46,0.0,4.068714436786182,0.0,0.88,17.959367454847275,0,0,1,0,1
1,-0.06,0.0,1.185133263022828,23.126708155586094,0.55,21.070809473587733,0,0,1,0,2
2,-0.18,0.0,2.307948895126126,20.82324871413701,1.09,20.0765349250901,0,0,1,0,3
3,-0.09,0.0,1.793746319734398,21.142827170336094,0.72,20.662390228381717,0,0,1,0,4
4,-0.15,0.0,3.4329652747178954,21.06065016678258,0.57,21.710403767655635,0,0,1,0,5
5,-0.17,0.0,2.916916695549317,20.159136502118855,0.37,21.073226211106654,0,0,1,0,6
6,-0.47,0.0,3.3140424617780546,15.858070114810417,1.0,17.68145890127004,0,0,1,0,7
7,-0.2,0.0,4.043561640377361,18.841462195216735,0.81,21.583115457412404,0,0,1,0,8
8,-0.06,0.0,3.0259906134894403,20.86350096984963,1.34,21.417993295349603,0,0,1,0,9
9,-0.35,0.0,3.5550231048662537,19.42558494547309,0.85,20.18073078919019,0,0,1,0,10
10,-0.14,0.0,3.4141359884202767,20.803127798046553,0.8,21.59152570601448,0,0,1,0,11
11,-0.11,0.0,2.8292937832189273,20.659646849679994,0.54,21.59606698801352,0,0,1,0,12
12,-0.29,0.0,4.006476299034405,18.88831452899054,0.46,20.8080544993103,0,0,1,0,13
13,-0.13,0.0,2.8630207198344007,20.611144116223986,0.84,21.223014799881724,0,0,1,0,14
14,-0.26,0.0,4.0664078227241856,18.805416033017245,0.61,21.08800558766014,0,0,1,0,15
0,-0.46,0.0,4.068714436786182,0.0,0.88,17.959367454847275,0,0,1,0,1
1,-0.06,0.0,1.185133263022828,23.126708155586094,0.55,21.070809473587733,0,0,1,0,2
2,-0.18,0.0,2.307948895126126,20.82324871413701,1.09,20.0765349250901,0,0,1,0,3
3,-0.09,0.0,1.793746319734398,21.142827170336094,0.72,20.662390228381717,0,0,1,0,4
4,-0.15,0.0,3.4329652747178954,21.06065016678258,0.57,21.710403767655635,0,0,1,0,5
5,-0.17,0.0,2.916916695549317,20.159136502118855,0.37,21.073226211106654,0,0,1,0,6
6,-0.47,0.0,3.3140424617780546,15.858070114810417,1.0,17.68145890127004,0,0,1,0,7
7,-0.2,0.0,4.043561640377361,18.841462195216735,0.81,21.583115457412404,0,0,1,0,8
8,-0.06,0.0,3.0259906134894403,20.86350096984963,1.34,21.417993295349603,0,0,1,0,9
9,-0.35,0.0,3.5550231048662537,19.42558494547309,0.85,20.18073078919019,0,0,1,0,10
10,-0.14,0.0,3.4141359884202767,20.803127798046553,0.8,21.59152570601448,0,0,1,0,11
11,-0.11,0.0,2.8292937832189273,20.659646849679994,0.54,21.59606698801352,0,0,1,0,12
12,-0.29,0.0,4.006476299034405,18.88831452899054,0.46,20.8080544993103,0,0,1,0,13
13,-0.13,0.0,2.8630207198344007,20.611144116223986,0.84,21.223014799881724,0,0,1,0,14
14,-0.26,0.0,4.0664078227241856,18.805416033017245,0.61,21.08800558766014,0,0,1,0,15
15,-0.1,0.0,2.8549627333031484,22.21475639131502,1.05,21.39925909521654,0,0,1,0,16
0,-0.46,0.0,4.068714436786182,0.0,0.88,17.959367454847275,0,0,1,0,1
1,-0.06,0.0,1.185133263022828,23.126708155586094,0.55,21.070809473587733,0,0,1,0,2
2,-0.18,0.0,2.307948895126126,20.82324871413701,1.09,20.0765349250901,0,0,1,0,3
3,-0.09,0.0,1.793746319734398,21.142827170336094,0.72,20.662390228381717,0,0,1,0,4
4,-0.15,0.0,3.4329652747178954,21.06065016678258,0.57,21.710403767655635,0,0,1,0,5
5,-0.17,0.0,2.916916695549317,20.159136502118855,0.37,21.073226211106654,0,0,1,0,6
6,-0.47,0.0,3.3140424617780546,15.858070114810417,1.0,17.68145890127004,0,0,1,0,7
7,-0.2,0.0,4.043561640377361,18.841462195216735,0.81,21.583115457412404,0,0,1,0,8
8,-0.06,0.0,3.0259906134894403,20.86350096984963,1.34,21.417993295349603,0,0,1,0,9
9,-0.35,0.0,3.5550231048662537,19.42558494547309,0.85,20.18073078919019,0,0,1,0,10
10,-0.14,0.0,3.4141359884202767,20.803127798046553,0.8,21.59152570601448,0,0,1,0,11
11,-0.11,0.0,2.8292937832189273,20.659646849679994,0.54,21.59606698801352,0,0,1,0,12
12,-0.29,0.0,4.006476299034405,18.88831452899054,0.46,20.8080544993103,0,0,1,0,13
13,-0.13,0.0,2.8630207198344007,20.611144116223986,0.84,21.223014799881724,0,0,1,0,14
14,-0.26,0.0,4.0664078227241856,18.805416033017245,0.61,21.08800558766014,0,0,1,0,15
15,-0.1,0.0,2.8549627333031484,22.21475639131502,1.05,21.39925909521654,0,0,1,0,16
16,-0.16,0.0,3.764149338400498,21.42073023182791,0.93,21.987535241714646,0,0,1,0,17
0,-0.46,0.0,4.068714436786182,0.0,0.88,17.959367454847275,0,0,1,0,1
1,-0.06,0.0,1.185133263022828,23.126708155586094,0.55,21.070809473587733,0,0,1,0,2
2,-0.18,0.0,2.307948895126126,20.82324871413701,1.09,20.0765349250901,0,0,1,0,3
3,-0.09,0.0,1.793746319734398,21.142827170336094,0.72,20.662390228381717,0,0,1,0,4
4,-0.15,0.0,3.4329652747178954,21.06065016678258,0.57,21.710403767655635,0,0,1,0,5
5,-0.17,0.0,2.916916695549317,20.159136502118855,0.37,21.073226211106654,0,0,1,0,6
6,-0.47,0.0,3.3140424617780546,15.858070114810417,1.0,17.68145890127004,0,0,1,0,7
7,-0.2,0.0,4.043561640377361,18.841462195216735,0.81,21.583115457412404,0,0,1,0,8
8,-0.06,0.0,3.0259906134894403,20.86350096984963,1.34,21.417993295349603,0,0,1,0,9
9,-0.35,0.0,3.5550231048662537,19.42558494547309,0.85,20.18073078919019,0,0,1,0,10
10,-0.14,0.0,3.4141359884202767,20.803127798046553,0.8,21.59152570601448,0,0,1,0,11
11,-0.11,0.0,2.8292937832189273,20.659646849679994,0.54,21.59606698801352,0,0,1,0,12
12,-0.29,0.0,4.006476299034405,18.88831452899054,0.46,20.8080544993103,0,0,1,0,13
13,-0.13,0.0,2.8630207198344007,20.611144116223986,0.84,21.223014799881724,0,0,1,0,14
14,-0.26,0.0,4.0664078227241856,18.805416033017245,0.61,21.08800558766014,0,0,1,0,15
15,-0.1,0.0,2.8549627333031484,22.21475639131502,1.05,21.39925909521654,0,0,1,0,16
16,-0.16,0.0,3.764149338400498,21.42073023182791,0.93,21.987535241714646,0,0,1,0,17
17,-0.1,0.0,2.5597078860049662,22.038183257895287,0.64,21.516362775717834,0,0,1,0,18
0,-0.46,0.0,4.068714436786182,0.0,0.88,17.959367454847275,0,0,1,0,1
1,-0.06,0.0,1.185133263022828,23.126708155586094,0.55,21.070809473587733,0,0,1,0,2
2,-0.18,0.0,2.307948895126126,20.82324871413701,1.09,20.0765349250901,0,0,1,0,3
3,-0.09,0.0,1.793746319734398,21.142827170336094,0.72,20.662390228381717,0,0,1,0,4
4,-0.15,0.0,3.4329652747178954,21.06065016678258,0.57,21.710403767655635,0,0,1,0,5
5,-0.17,0.0,2.916916695549317,20.159136502118855,0.37,21.073226211106654,0,0,1,0,6
6,-0.47,0.0,3.3140424617780546,15.858070114810417,1.0,17.68145890127004,0,0,1,0,7
7,-0.2,0.0,4.043561640377361,18.841462195216735,0.81,21.583115457412404,0,0,1,0,8
8,-0.06,0.0,3.0259906134894403,20.86350096984963,1.34,21.417993295349603,0,0,1,0,9
9,-0.35,0.0,3.5550231048662537,19.42558494547309,0.85,20.18073078919019,0,0,1,0,10
10,-0.14,0.0,3.4141359884202767,20.803127798046553,0.8,21.59152570601448,0,0,1,0,11
11,-0.11,0.0,2.8292937832189273,20.659646849679994,0.54,21.59606698801352,0,0,1,0,12
12,-0.29,0.0,4.006476299034405,18.88831452899054,0.46,20.8080544993103,0,0,1,0,13
13,-0.13,0.0,2.8630207198344007,20.611144116223986,0.84,21.223014799881724,0,0,1,0,14
14,-0.26,0.0,4.0664078227241856,18.805416033017245,0.61,21.08800558766014,0,0,1,0,15
15,-0.1,0.0,2.8549627333031484,22.21475639131502,1.05,21.39925909521654,0,0,1,0,16
16,-0.16,0.0,3.764149338400498,21.42073023182791,0.93,21.987535241714646,0,0,1,0,17
17,-0.1,0.0,2.5597078860049662,22.038183257895287,0.64,21.516362775717834,0,0,1,0,18
18,-0.06,0.0,1.7717369657208062,24.13765823895228,0.43,21.52866926122916,0,0,1,0,19
0,-0.23,0.0,1.8671733651961842,20.10714320708008,0.59,19.125980975140145,0,1,1,0,1
0,-0.23,0.0,1.8671733651961842,20.10714320708008,0.59,19.125980975140145,0,1,1,0,1
1,-0.83,0.0,5.7332036606190355,4.589851136949437,0.97,14.83343118615646,0,1,1,0,2
0,-0.23,0.0,1.8671733651961842,20.10714320708008,0.59,19.125980975140145,0,1,1,0,1
1,-0.83,0.0,5.7332036606190355,4.589851136949437,0.97,14.83343118615646,0,1,1,0,2
2,-0.29,0.0,3.2742207932225473,16.980856087128632,0.66,19.582157709444683,0,1,1,0,3
0,-0.46,0.0,4.068714436786182,0.0,0.88,17.959367454847275,0,0,0.33,0,1
0,-0.46,0.0,4.068714436786182,0.0,0.88,17.959367454847275,0,0,0.33,0,1
1,-0.35,0.0,4.5546844932386765,3.0351881531757114,0.8,20.020488923741908,0,0,0.33,0,2
0,-0.46,0.0,4.068714436786182,0.0,0.88,17.959367454847275,0,0,0.33,0,1
1,-0.35,0.0,4.5546844932386765,3.0351881531757114,0.8,20.020488923741908,0,0,0.33,0,2
2,-0.61,0.0,6.336249887896689,3.3968487834153955,1.68,17.9247499199262,0,0,0.33,0,3
0,-0.46,0.0,4.068714436786182,0.0,0.88,17.959367454847275,0,0,0.33,0,1
1,-0.35,0.0,4.5546844932386765,3.0351881531757114,0.8,20.020488923741908,0,0,0.33,0,2
2,-0.61,0.0,6.336249887896689,3.3968487834153955,1.68,17.9247499199262,0,0,0.33,0,3
3,-0.46,0.0,5.197716049442457,7.996224782100748,0.81,19.57894003531605,0,0,0.33,0,4
0,-0.46,0.0,4.068714436786182,0.0,0.88,17.959367454847275,0,0,0.33,0,1
1,-0.35,0.0,4.5546844932386765,3.0351881531757114,0.8,20.020488923741908,0,0,0.33,0,2
2,-0.61,0.0,6.336249887896689,3.3968487834153955,1.68,17.9247499199262,0,0,0.33,0,3
3,-0.46,0.0,5.197716049442457,7.996224782100748,0.81,19.57894003531605,0,0,0.33,0,4
4,-0.11,0.0,3.4399077278232038,8.681825761986616,0.52,22.698219805588,0,0,0.33,0,5
0,-0.46,0.0,4.068714436786182,0.0,0.88,17.959367454847275,0,0,0.33,0,1
1,-0.35,0.0,4.5546844932386765,3.0351881531757114,0.8,20.020488923741908,0,0,0.33,0,2
2,-0.61,0.0,6.336249887896689,3.3968487834153955,1.68,17.9247499199262,0,0,0.33,0,3
3,-0.46,0.0,5.197716049442457,7.996224782100748,0.81,19.57894003531605,0,0,0.33,0,4
4,-0.11,0.0,3.4399077278232038,8.681825761986616,0.52,22.698219805588,0,0,0.33,0,5
5,-0.57,0.0,7.26192358850227,4.790293023051974,1.85,18.807088277501627,0,0,0.33,0,6
0,-0.46,0.0,4.068714436786182,0.0,0.88,17.959367454847275,0,0,0.33,0,1
1,-0.35,0.0,4.5546844932386765,3.0351881531757114,0.8,20.020488923741908,0,0,0.33,0,2
2,-0.61,0.0,6.336249887896689,3.3968487834153955,1.68,17.9247499199262,0,0,0.33,0,3
3,-0.46,0.0,5.197716049442457,7.996224782100748,0.81,19.57894003531605,0,0,0.33,0,4
4,-0.11,0.0,3.4399077278232038,8.681825761986616,0.52,22.698219805588,0,0,0.33,0,5
5,-0.57,0.0,7.26192358850227,4.790293023051974,1.85,18.807088277501627,0,0,0.33,0,6
6,-0.07,0.0,2.463096306143838,21.433870444218915,0.58,21.781068790102758,0,0,0.33,0,7
0,-0.46,0.0,4.068714436786182,0.0,0.88,17.959367454847275,0,0,0.33,0,1
1,-0.35,0.0,4.5546844932386765,3.0351881531757114,0.8,20.020488923741908,0,0,0.33,0,2
2,-0.61,0.0,6.336249887896689,3.3968487834153955,1.68,17.9247499199262,0,0,0.33,0,3
3,-0.46,0.0,5.197716049442457,7.996224782100748,0.81,19.57894003531605,0,0,0.33,0,4
4,-0.11,0.0,3.4399077278232038,8.681825761986616,0.52,22.698219805588,0,0,0.33,0,5
5,-0.57,0.0,7.26192358850227,4.790293023051974,1.85,18.807088277501627,0,0,0.33,0,6
6,-0.07,0.0,2.463096306143838,21.433870444218915,0.58,21.781068790102758,0,0,0.33,0,7
7,-0.12,0.0,3.8096207475488812,20.23320045024859,0.5,22.28544339110635,0,0,0.33,0,8
0,-0.46,0.0,4.068714436786182,0.0,0.88,17.959367454847275,0,0,0.33,0,1
1,-0.35,0.0,4.5546844932386765,3.0351881531757114,0.8,20.020488923741908,0,0,0.33,0,2
2,-0.61,0.0,6.336249887896689,3.3968487834153955,1.68,17.9247499199262,0,0,0.33,0,3
3,-0.46,0.0,5.197716049442457,7.996224782100748,0.81,19.57894003531605,0,0,0.33,0,4
4,-0.11,0.0,3.4399077278232038,8.681825761986616,0.52,22.698219805588,0,0,0.33,0,5
5,-0.57,0.0,7.26192358850227,4.790293023051974,1.85,18.807088277501627,0,0,0.33,0,6
6,-0.07,0.0,2.463096306143838,21.433870444218915,0.58,21.781068790102758,0,0,0.33,0,7
7,-0.12,0.0,3.8096207475488812,20.23320045024859,0.5,22.28544339110635,0,0,0.33,0,8
8,-0.07,0.0,2.7153711360604484,20.863690384146803,0.56,22.020122240043182,0,0,0.33,0,9
0,-0.46,0.0,4.068714436786182,0.0,0.88,17.959367454847275,0,0,0.33,0,1
1,-0.35,0.0,4.5546844932386765,3.0351881531757114,0.8,20.020488923741908,0,0,0.33,0,2
2,-0.61,0.0,6.336249887896689,3.3968487834153955,1.68,17.9247499199262,0,0,0.33,0,3
3,-0.46,0.0,5.197716049442457,7.996224782100748,0.81,19.57894003531605,0,0,0.33,0,4
4,-0.11,0.0,3.4399077278232038,8.681825761986616,0.52,22.698219805588,0,0,0.33,0,5
5,-0.57,0.0,7.26192358850227,4.790293023051974,1.85,18.807088277501627,0,0,0.33,0,6
6,-0.07,0.0,2.463096306143838,21.433870444218915,0.58,21.781068790102758,0,0,0.33,0,7
7,-0.12,0.0,3.8096207475488812,20.23320045024859,0.5,22.28544339110635,0,0,0.33,0,8
8,-0.07,0.0,2.7153711360604484,20.863690384146803,0.56,22.020122240043182,0,0,0.33,0,9
9,-0.09,0.0,3.2760232122921566,21.028624270902966,0.64,22.278016580208686,0,0,0.33,0,10
0,-0.46,0.0,4.068714436786182,0.0,0.88,17.959367454847275,0,0,0.33,0,1
1,-0.35,0.0,4.5546844932386765,3.0351881531757114,0.8,20.020488923741908,0,0,0.33,0,2
2,-0.61,0.0,6.336249887896689,3.3968487834153955,1.68,17.9247499199262,0,0,0.33,0,3
3,-0.46,0.0,5.197716049442457,7.996224782100748,0.81,19.57894003531605,0,0,0.33,0,4
4,-0.11,0.0,3.4399077278232038,8.681825761986616,0.52,22.698219805588,0,0,0.33,0,5
5,-0.57,0.0,7.26192358850227,4.790293023051974,1.85,18.807088277501627,0,0,0.33,0,6
6,-0.07,0.0,2.463096306143838,21.433870444218915,0.58,21.781068790102758,0,0,0.33,0,7
7,-0.12,0.0,3.8096207475488812,20.23320045024859,0.5,22.28544339110635,0,0,0.33,0,8
8,-0.07,0.0,2.7153711360604484,20.863690384146803,0.56,22.020122240043182,0,0,0.33,0,9
9,-0.09,0.0,3.2760232122921566,21.028624270902966,0.64,22.278016580208686,0,0,0.33,0,10
10,-0.19,0.0,3.7393693915660338,27.233900991578768,0.48,21.508406708261454,0,0,0.33,0,11
0,-0.46,0.0,4.068714436786182,0.0,0.88,17.959367454847275,0,0,0.33,0,1
1,-0.35,0.0,4.5546844932386765,3.0351881531757114,0.8,20.020488923741908,0,0,0.33,0,2
2,-0.61,0.0,6.336249887896689,3.3968487834153955,1.68,17.9247499199262,0,0,0.33,0,3
3,-0.46,0.0,5.197716049442457,7.996224782100748,0.81,19.57894003531605,0,0,0.33,0,4
4,-0.11,0.0,3.4399077278232038,8.681825761986616,0.52,22.698219805588,0,0,0.33,0,5
5,-0.57,0.0,7.26192358850227,4.790293023051974,1.85,18.807088277501627,0,0,0.33,0,6
6,-0.07,0.0,2.463096306143838,21.433870444218915,0.58,21.781068790102758,0,0,0.33,0,7
7,-0.12,0.0,3.8096207475488812,20.23320045024859,0.5,22.28544339110635,0,0,0.33,0,8
8,-0.07,0.0,2.7153711360604484,20.863690384146803,0.56,22.020122240043182,0,0,0.33,0,9
9,-0.09,0.0,3.2760232122921566,21.028624270902966,0.64,22.278016580208686,0,0,0.33,0,10
10,-0.19,0.0,3.7393693915660338,27.233900991578768,0.48,21.508406708261454,0,0,0.33,0,11
11,-0.07,0.0,3.790291673226822,27.93399020146203,0.83,22.65049405230487,0,0,0.33,0,12
0,-0.46,0.0,4.068714436786182,0.0,0.88,17.959367454847275,0,0,0.33,0,1
1,-0.35,0.0,4.5546844932386765,3.0351881531757114,0.8,20.020488923741908,0,0,0.33,0,2
2,-0.61,0.0,6.336249887896689,3.3968487834153955,1.68,17.9247499199262,0,0,0.33,0,3
3,-0.46,0.0,5.197716049442457,7.996224782100748,0.81,19.57894003531605,0,0,0.33,0,4
4,-0.11,0.0,3.4399077278232038,8.681825761986616,0.52,22.698219805588,0,0,0.33,0,5
5,-0.57,0.0,7.26192358850227,4.790293023051974,1.85,18.807088277501627,0,0,0.33,0,6
6,-0.07,0.0,2.463096306143838,21.433870444218915,0.58,21.781068790102758,0,0,0.33,0,7
7,-0.12,0.0,3.8096207475488812,20.23320045024859,0.5,22.28544339110635,0,0,0.33,0,8
8,-0.07,0.0,2.7153711360604484,20.863690384146803,0.56,22.020122240043182,0,0,0.33,0,9
9,-0.09,0.0,3.2760232122921566,21.028624270902966,0.64,22.278016580208686,0,0,0.33,0,10
10,-0.19,0.0,3.7393693915660338,27.233900991578768,0.48,21.508406708261454,0,0,0.33,0,11
11,-0.07,0.0,3.790291673226822,27.93399020146203,0.83,22.65049405230487,0,0,0.33,0,12
12,-0.04,0.0,2.1562950094393347,29.79982943896446,1.02,21.531353578170965,0,0,0.33,0,13
0,-0.46,0.0,4.068714436786182,0.0,0.88,17.959367454847275,0,0,0.33,0,1
1,-0.35,0.0,4.5546844932386765,3.0351881531757114,0.8,20.020488923741908,0,0,0.33,0,2
2,-0.61,0.0,6.336249887896689,3.3968487834153955,1.68,17.9247499199262,0,0,0.33,0,3
3,-0.46,0.0,5.197716049442457,7.996224782100748,0.81,19.57894003531605,0,0,0.33,0,4
4,-0.11,0.0,3.4399077278232038,8.681825761986616,0.52,22.698219805588,0,0,0.33,0,5
5,-0.57,0.0,7.26192358850227,4.790293023051974,1.85,18.807088277501627,0,0,0.33,0,6
6,-0.07,0.0,2.463096306143838,21.433870444218915,0.58,21.781068790102758,0,0,0.33,0,7
7,-0.12,0.0,3.8096207475488812,20.23320045024859,0.5,22.28544339110635,0,0,0.33,0,8
8,-0.07,0.0,2.7153711360604484,20.863690384146803,0.56,22.020122240043182,0,0,0.33,0,9
9,-0.09,0.0,3.2760232122921566,21.028624270902966,0.64,22.278016580208686,0,0,0.33,0,10
10,-0.19,0.0,3.7393693915660338,27.233900991578768,0.48,21.508406708261454,0,0,0.33,0,11
11,-0.07,0.0,3.790291673226822,27.93399020146203,0.83,22.65049405230487,0,0,0.33,0,12
12,-0.04,0.0,2.1562950094393347,29.79982943896446,1.02,21.531353578170965,0,0,0.33,0,13
13,-0.05,0.0,2.623351991432407,29.709469046655943,0.66,22.395822851023144,0,0,0.33,0,14
0,-0.46,0.0,4.068714436786182,0.0,0.88,17.959367454847275,0,0,0.33,0,1
1,-0.35,0.0,4.5546844932386765,3.0351881531757114,0.8,20.020488923741908,0,0,0.33,0,2
2,-0.61,0.0,6.336249887896689,3.3968487834153955,1.68,17.9247499199262,0,0,0.33,0,3
3,-0.46,0.0,5.197716049442457,7.996224782100748,0.81,19.57894003531605,0,0,0.33,0,4
4,-0.11,0.0,3.4399077278232038,8.681825761986616,0.52,22.698219805588,0,0,0.33,0,5
5,-0.57,0.0,7.26192358850227,4.790293023051974,1.85,18.807088277501627,0,0,0.33,0,6
6,-0.07,0.0,2.463096306143838,21.433870444218915,0.58,21.781068790102758,0,0,0.33,0,7
7,-0.12,0.0,3.8096207475488812,20.23320045024859,0.5,22.28544339110635,0,0,0.33,0,8
8,-0.07,0.0,2.7153711360604484,20.863690384146803,0.56,22.020122240043182,0,0,0.33,0,9
9,-0.09,0.0,3.2760232122921566,21.028624270902966,0.64,22.278016580208686,0,0,0.33,0,10
10,-0.19,0.0,3.7393693915660338,27.233900991578768,0.48,21.508406708261454,0,0,0.33,0,11
11,-0.07,0.0,3.790291673226822,27.93399020146203,0.83,22.65049405230487,0,0,0.33,0,12
12,-0.04,0.0,2.1562950094393347,29.79982943896446,1.02,21.531353578170965,0,0,0.33,0,13
13,-0.05,0.0,2.623351991432407,29.709469046655943,0.66,22.395822851023144,0,0,0.33,0,14
14,-0.03,0.0,0.9561883494080131,30.67778418496939,0.89,20.999563106720025,0,0,0.33,0,15
0,-0.46,0.0,4.068714436786182,0.0,0.88,17.959367454847275,0,0,0.2,0,1
0,-0.46,0.0,4.068714436786182,0.0,0.88,17.959367454847275,0,0,0.2,0,1
1,-0.52,0.0,4.424977496779934,4.072630449601291,1.0,17.79641249769996,0,0,0.2,0,2

0,-0.46,0.0,4.068714436786182,0.0,0.88,17.959367454847275,0,0,0.1,0,1
0,-0.46,0.0,4.068714436786182,0.0,0.88,17.959367454847275,0,0,0.1,0,1
1,-0.39,0.0,4.851107534303122,1.1324020740948038,1.17,19.64336252450223,0,0,0.1,0,2
0,-0.46,0.0,4.068714436786182,0.0,0.88,17.959367454847275,0,0,0.1,0,1
1,-0.39,0.0,4.851107534303122,1.1324020740948038,1.17,19.64336252450223,0,0,0.1,0,2
2,-0.34,0.0,6.386966643552082,1.365362726984618,1.76,20.668404745394337,0,0,0.1,0,3
0,-0.46,0.0,4.068714436786182,0.0,0.88,17.959367454847275,0,0,0.1,0,1
1,-0.39,0.0,4.851107534303122,1.1324020740948038,1.17,19.64336252450223,0,0,0.1,0,2
2,-0.34,0.0,6.386966643552082,1.365362726984618,1.76,20.668404745394337,0,0,0.1,0,3
3,-0.03,0.0,3.9697183766259156,4.877841580455454,2.06,22.166084554732798,0,0,0.1,0,4
0,-0.46,0.0,4.068714436786182,0.0,0.88,17.959367454847275,0,0,0.1,0,1
1,-0.39,0.0,4.851107534303122,1.1324020740948038,1.17,19.64336252450223,0,0,0.1,0,2
2,-0.34,0.0,6.386966643552082,1.365362726984618,1.76,20.668404745394337,0,0,0.1,0,3
3,-0.03,0.0,3.9697183766259156,4.877841580455454,2.06,22.166084554732798,0,0,0.1,0,4
4,-0.37,0.0,6.950882697965819,3.2361277431081987,2.66,19.586916212832726,0,0,0.1,0,5
0,-0.46,0.0,4.068714436786182,0.0,0.88,17.959367454847275,0,0,0.1,0,1
1,-0.39,0.0,4.851107534303122,1.1324020740948038,1.17,19.64336252450223,0,0,0.1,0,2
2,-0.34,0.0,6.386966643552082,1.365362726984618,1.76,20.668404745394337,0,0,0.1,0,3
3,-0.03,0.0,3.9697183766259156,4.877841580455454,2.06,22.166084554732798,0,0,0.1,0,4
4,-0.37,0.0,6.950882697965819,3.2361277431081987,2.66,19.586916212832726,0,0,0.1,0,5
5,-0.17,0.0,4.016676244444918,8.91560984725319,0.47,21.82162588888923,0,0,0.1,0,6
0,-0.46,0.0,4.068714436786182,0.0,0.88,17.959367454847275,0,0,0.1,0,1
1,-0.39,0.0,4.851107534303122,1.1324020740948038,1.17,19.64336252450223,0,0,0.1,0,2
2,-0.34,0.0,6.386966643552082,1.365362726984618,1.76,20.668404745394337,0,0,0.1,0,3
3,-0.03,0.0,3.9697183766259156,4.877841580455454,2.06,22.166084554732798,0,0,0.1,0,4
4,-0.37,0.0,6.950882697965819,3.2361277431081987,2.66,19.586916212832726,0,0,0.1,0,5
5,-0.17,0.0,4.016676244444918,8.91560984725319,0.47,21.82162588888923,0,0,0.1,0,6
6,-0.09,0.0,5.163196361209715,9.889403712286786,0.44,23.7502831151498,0,0,0.1,0,7
0,-0.46,0.0,4.068714436786182,0.0,0.88,17.959367454847275,0,0,0.1,0,1
1,-0.39,0.0,4.851107534303122,1.1324020740948038,1.17,19.64336252450223,0,0,0.1,0,2
2,-0.34,0.0,6.386966643552082,1.365362726984618,1.76,20.668404745394337,0,0,0.1,0,3
3,-0.03,0.0,3.9697183766259156,4.877841580455454,2.06,22.166084554732798,0,0,0.1,0,4
4,-0.37,0.0,6.950882697965819,3.2361277431081987,2.66,19.586916212832726,0,0,0.1,0,5
5,-0.17,0.0,4.016676244444918,8.91560984725319,0.47,21.82162588888923,0,0,0.1,0,6
6,-0.09,0.0,5.163196361209715,9.889403712286786,0.44,23.7502831151498,0,0,0.1,0,7
7,-0.26,0.0,5.714298216464443,10.52124399445113,1.08,21.66764158318888,0,0,0.1,0,8
0,-0.46,0.0,4.068714436786182,0.0,0.88,17.959367454847275,0,0,0.1,0,1
1,-0.39,0.0,4.851107534303122,1.1324020740948038,1.17,19.64336252450223,0,0,0.1,0,2
2,-0.34,0.0,6.386966643552082,1.365362726984618,1.76,20.668404745394337,0,0,0.1,0,3
3,-0.03,0.0,3.9697183766259156,4.877841580455454,2.06,22.166084554732798,0,0,0.1,0,4
4,-0.37,0.0,6.950882697965819,3.2361277431081987,2.66,19.586916212832726,0,0,0.1,0,5
5,-0.17,0.0,4.016676244444918,8.91560984725319,0.47,21.82162588888923,0,0,0.1,0,6
6,-0.09,0.0,5.163196361209715,9.889403712286786,0.44,23.7502831151498,0,0,0.1,0,7
7,-0.26,0.0,5.714298216464443,10.52124399445113,1.08,21.66764158318888,0,0,0.1,0,8
8,-0.13,0.0,4.213253108645402,13.103586670307442,1.32,21.660609363318144,0,0,0.1,0,9
0,-0.46,0.0,4.068714436786182,0.0,0.88,17.959367454847275,0,0,0.1,0,1
1,-0.39,0.0,4.851107534303122,1.1324020740948038,1.17,19.64336252450223,0,0,0.1,0,2
2,-0.34,0.0,6.386966643552082,1.365362726984618,1.76,20.668404745394337,0,0,0.1,0,3
3,-0.03,0.0,3.9697183766259156,4.877841580455454,2.06,22.166084554732798,0,0,0.1,0,4
4,-0.37,0.0,6.950882697965819,3.2361277431081987,2.66,19.586916212832726,0,0,0.1,0,5
5,-0.17,0.0,4.016676244444918,8.91560984725319,0.47,21.82162588888923,0,0,0.1,0,6
6,-0.09,0.0,5.163196361209715,9.889403712286786,0.44,23.7502831151498,0,0,0.1,0,7
7,-0.26,0.0,5.714298216464443,10.52124399445113,1.08,21.66764158318888,0,0,0.1,0,8
8,-0.13,0.0,4.213253108645402,13.103586670307442,1.32,21.660609363318144,0,0,0.1,0,9
9,-0.25,0.0,4.5793987267215,10.857132622711358,1.16,20.464427661943922,0,0,0.1,0,10
0,-0.46,0.0,4.068714436786182,0.0,0.88,17.959367454847275,0,0,0.1,0,1
1,-0.39,0.0,4.851107534303122,1.1324020740948038,1.17,19.64336252450223,0,0,0.1,0,2
2,-0.34,0.0,6.386966643552082,1.365362726984618,1.76,20.668404745394337,0,0,0.1,0,3
3,-0.03,0.0,3.9697183766259156,4.877841580455454,2.06,22.166084554732798,0,0,0.1,0,4
4,-0.37,0.0,6.950882697965819,3.2361277431081987,2.66,19.586916212832726,0,0,0.1,0,5
5,-0.17,0.0,4.016676244444918,8.91560984725319,0.47,21.82162588888923,0,0,0.1,0,6
6,-0.09,0.0,5.163196361209715,9.889403712286786,0.44,23.7502831151498,0,0,0.1,0,7
7,-0.26,0.0,5.714298216464443,10.52124399445113,1.08,21.66764158318888,0,0,0.1,0,8
8,-0.13,0.0,4.213253108645402,13.103586670307442,1.32,21.660609363318144,0,0,0.1,0,9
9,-0.25,0.0,4.5793987267215,10.857132622711358,1.16,20.464427661943922,0,0,0.1,0,10
10,-0.2,0.0,4.763305260252166,10.52953819282353,1.14,21.61893232875155,0,0,0.1,0,11
0,-0.46,0.0,4.068714436786182,0.0,0.88,17.959367454847275,0,0,0.1,0,1
1,-0.39,0.0,4.851107534303122,1.1324020740948038,1.17,19.64336252450223,0,0,0.1,0,2
2,-0.34,0.0,6.386966643552082,1.365362726984618,1.76,20.668404745394337,0,0,0.1,0,3
3,-0.03,0.0,3.9697183766259156,4.877841580455454,2.06,22.166084554732798,0,0,0.1,0,4
4,-0.37,0.0,6.950882697965819,3.2361277431081987,2.66,19.586916212832726,0,0,0.1,0,5
5,-0.17,0.0,4.016676244444918,8.91560984725319,0.47,21.82162588888923,0,0,0.1,0,6
6,-0.09,0.0,5.163196361209715,9.889403712286786,0.44,23.7502831151498,0,0,0.1,0,7
7,-0.26,0.0,5.714298216464443,10.52124399445113,1.08,21.66764158318888,0,0,0.1,0,8
8,-0.13,0.0,4.213253108645402,13.103586670307442,1.32,21.660609363318144,0,0,0.1,0,9
9,-0.25,0.0,4.5793987267215,10.857132622711358,1.16,20.464427661943922,0,0,0.1,0,10
10,-0.2,0.0,4.763305260252166,10.52953819282353,1.14,21.61893232875155,0,0,0.1,0,11
11,-0.23,0.0,4.611943409381091,13.662895201642058,1.08,20.215959578129358,0,0,0.1,0,12
0,-0.46,0.0,4.068714436786182,0.0,0.88,17.959367454847275,0,0,0.1,0,1
1,-0.39,0.0,4.851107534303122,1.1324020740948038,1.17,19.64336252450223,0,0,0.1,0,2
2,-0.34,0.0,6.386966643552082,1.365362726984618,1.76,20.668404745394337,0,0,0.1,0,3
3,-0.03,0.0,3.9697183766259156,4.877841580455454,2.06,22.166084554732798,0,0,0.1,0,4
4,-0.37,0.0,6.950882697965819,3.2361277431081987,2.66,19.586916212832726,0,0,0.1,0,5
5,-0.17,0.0,4.016676244444918,8.91560984725319,0.47,21.82162588888923,0,0,0.1,0,6
6,-0.09,0.0,5.163196361209715,9.889403712286786,0.44,23.7502831151498,0,0,0.1,0,7
7,-0.26,0.0,5.714298216464443,10.52124399445113,1.08,21.66764158318888,0,0,0.1,0,8
8,-0.13,0.0,4.213253108645402,13.103586670307442,1.32,21.660609363318144,0,0,0.1,0,9
9,-0.25,0.0,4.5793987267215,10.857132622711358,1.16,20.464427661943922,0,0,0.1,0,10
10,-0.2,0.0,4.763305260252166,10.52953819282353,1.14,21.61893232875155,0,0,0.1,0,11
11,-0.23,0.0,4.611943409381091,13.662895201642058,1.08,20.215959578129358,0,0,0.1,0,12
12,-0.15,0.0,4.012368173797063,15.898807905703782,0.81,21.889405838426477,0,0,0.1,0,13
0,-0.46,0.0,4.068714436786182,0.0,0.88,17.959367454847275,0,0,0.1,0,1
1,-0.39,0.0,4.851107534303122,1.1324020740948038,1.17,19.64336252450223,0,0,0.1,0,2
2,-0.34,0.0,6.386966643552082,1.365362726984618,1.76,20.668404745394337,0,0,0.1,0,3
3,-0.03,0.0,3.9697183766259156,4.877841580455454,2.06,22.166084554732798,0,0,0.1,0,4
4,-0.37,0.0,6.950882697965819,3.2361277431081987,2.66,19.586916212832726,0,0,0.1,0,5
5,-0.17,0.0,4.016676244444918,8.91560984725319,0.47,21.82162588888923,0,0,0.1,0,6
6,-0.09,0.0,5.163196361209715,9.889403712286786,0.44,23.7502831151498,0,0,0.1,0,7
7,-0.26,0.0,5.714298216464443,10.52124399445113,1.08,21.66764158318888,0,0,0.1,0,8
8,-0.13,0.0,4.213253108645402,13.103586670307442,1.32,21.660609363318144,0,0,0.1,0,9
9,-0.25,0.0,4.5793987267215,10.857132622711358,1.16,20.464427661943922,0,0,0.1,0,10
10,-0.2,0.0,4.763305260252166,10.52953819282353,1.14,21.61893232875155,0,0,0.1,0,11
11,-0.23,0.0,4.611943409381091,13.662895201642058,1.08,20.215959578129358,0,0,0.1,0,12
12,-0.15,0.0,4.012368173797063,15.898807905703782,0.81,21.889405838426477,0,0,0.1,0,13
13,-0.12,0.0,3.573075264580604,15.859871356800202,0.47,22.033339474700433,0,0,0.1,0,14
0,-0.46,0.0,4.068714436786182,0.0,0.88,17.959367454847275,0,0,0.1,0,1
1,-0.39,0.0,4.851107534303122,1.1324020740948038,1.17,19.64336252450223,0,0,0.1,0,2
2,-0.34,0.0,6.386966643552082,1.365362726984618,1.76,20.668404745394337,0,0,0.1,0,3
3,-0.03,0.0,3.9697183766259156,4.877841580455454,2.06,22.166084554732798,0,0,0.1,0,4
4,-0.37,0.0,6.950882697965819,3.2361277431081987,2.66,19.586916212832726,0,0,0.1,0,5
5,-0.17,0.0,4.016676244444918,8.91560984725319,0.47,21.82162588888923,0,0,0.1,0,6
6,-0.09,0.0,5.163196361209715,9.889403712286786,0.44,23.7502831151498,0,0,0.1,0,7
7,-0.26,0.0,5.714298216464443,10.52124399445113,1.08,21.66764158318888,0,0,0.1,0,8
8,-0.13,0.0,4.213253108645402,13.103586670307442,1.32,21.660609363318144,0,0,0.1,0,9
9,-0.25,0.0,4.5793987267215,10.857132622711358,1.16,20.464427661943922,0,0,0.1,0,10
10,-0.2,0.0,4.763305260252166,10.52953819282353,1.14,21.61893232875155,0,0,0.1,0,11
11,-0.23,0.0,4.611943409381091,13.662895201642058,1.08,20.215959578129358,0,0,0.1,0,12
12,-0.15,0.0,4.012368173797063,15.898807905703782,0.81,21.889405838426477,0,0,0.1,0,13
13,-0.12,0.0,3.573075264580604,15.859871356800202,0.47,22.033339474700433,0,0,0.1,0,14
14,-0.23,0.0,4.719594778849957,14.019343237139287,1.19,21.43342484203567,0,0,0.1,0,15
0,-0.46,0.0,4.068714436786182,0.0,0.88,17.959367454847275,0,0,0.1,0,1
1,-0.39,0.0,4.851107534303122,1.1324020740948038,1.17,19.64336252450223,0,0,0.1,0,2
2,-0.34,0.0,6.386966643552082,1.365362726984618,1.76,20.668404745394337,0,0,0.1,0,3
3,-0.03,0.0,3.9697183766259156,4.877841580455454,2.06,22.166084554732798,0,0,0.1,0,4
4,-0.37,0.0,6.950882697965819,3.2361277431081987,2.66,19.586916212832726,0,0,0.1,0,5
5,-0.17,0.0,4.016676244444918,8.91560984725319,0.47,21.82162588888923,0,0,0.1,0,6
6,-0.09,0.0,5.163196361209715,9.889403712286786,0.44,23.7502831151498,0,0,0.1,0,7
7,-0.26,0.0,5.714298216464443,10.52124399445113,1.08,21.66764158318888,0,0,0.1,0,8
8,-0.13,0.0,4.213253108645402,13.103586670307442,1.32,21.660609363318144,0,0,0.1,0,9
9,-0.25,0.0,4.5793987267215,10.857132622711358,1.16,20.464427661943922,0,0,0.1,0,10
10,-0.2,0.0,4.763305260252166,10.52953819282353,1.14,21.61893232875155,0,0,0.1,0,11
11,-0.23,0.0,4.611943409381091,13.662895201642058,1.08,20.215959578129358,0,0,0.1,0,12
12,-0.15,0.0,4.012368173797063,15.898807905703782,0.81,21.889405838426477,0,0,0.1,0,13
13,-0.12,0.0,3.573075264580604,15.859871356800202,0.47,22.033339474700433,0,0,0.1,0,14
14,-0.23,0.0,4.719594778849957,14.019343237139287,1.19,21.43342484203567,0,0,0.1,0,15
15,-0.17,0.0,4.546793250300522,14.67235077316314,0.96,21.451138035928942,0,0,0.1,0,16
0,-0.46,0.0,4.068714436786182,0.0,0.88,17.959367454847275,0,0,0.1,0,1
1,-0.39,0.0,4.851107534303122,1.1324020740948038,1.17,19.64336252450223,0,0,0.1,0,2
2,-0.34,0.0,6.386966643552082,1.365362726984618,1.76,20.668404745394337,0,0,0.1,0,3
3,-0.03,0.0,3.9697183766259156,4.877841580455454,2.06,22.166084554732798,0,0,0.1,0,4
4,-0.37,0.0,6.950882697965819,3.2361277431081987,2.66,19.586916212832726,0,0,0.1,0,5
5,-0.17,0.0,4.016676244444918,8.91560984725319,0.47,21.82162588888923,0,0,0.1,0,6
6,-0.09,0.0,5.163196361209715,9.889403712286786,0.44,23.7502831151498,0,0,0.1,0,7
7,-0.26,0.0,5.714298216464443,10.52124399445113,1.08,21.66764158318888,0,0,0.1,0,8
8,-0.13,0.0,4.213253108645402,13.103586670307442,1.32,21.660609363318144,0,0,0.1,0,9
9,-0.25,0.0,4.5793987267215,10.857132622711358,1.16,20.464427661943922,0,0,0.1,0,10
10,-0.2,0.0,4.763305260252166,10.52953819282353,1.14,21.61893232875155,0,0,0.1,0,11
11,-0.23,0.0,4.611943409381091,13.662895201642058,1.08,20.215959578129358,0,0,0.1,0,12
12,-0.15,0.0,4.012368173797063,15.898807905703782,0.81,21.889405838426477,0,0,0.1,0,13
13,-0.12,0.0,3.573075264580604,15.859871356800202,0.47,22.033339474700433,0,0,0.1,0,14
14,-0.23,0.0,4.719594778849957,14.019343237139287,1.19,21.43342484203567,0,0,0.1,0,15
15,-0.17,0.0,4.546793250300522,14.67235077316314,0.96,21.451138035928942,0,0,0.1,0,16
16,-0.14,0.0,3.6479501249104818,16.088879777804017,0.93,21.61167866065034,0,0,0.1,0,17

0,-0.46,0.0,4.068714436786182,0.0,0.88,17.959367454847275,0,0,0.09,0,1
1,-0.65,0.0,5.688071313061966,0.6175308862114499,1.62,16.89547950932997,0,0,0.09,0,2
2,-0.59,0.0,7.710536406405261,1.1125174469858405,3.28,18.65495457600375,0,0,0.09,0,3
3,-0.48,0.0,7.109476699074876,1.6620732049584388,2.65,20.093911927910625,0,0,0.09,0,4
4,-0.69,0.0,6.832373596034703,1.3821688124656677,1.45,17.334552568596212,0,0,0.09,0,5
5,-0.55,0.0,7.173903386327595,1.6589266724377867,0.7,19.24278813309114,0,0,0.09,0,6
6,-0.47,0.0,8.134350305223744,1.250666883587837,2.94,19.972535932302684,0,0,0.09,0,7
7,-0.37,0.0,8.907383235666687,1.7392370968312023,2.25,22.3409880254762,0,0,0.09,0,8
8,-0.44,0.0,8.468342724806154,2.5987166872590772,0.8,22.451673374861542,0,0,0.09,0,9
0,0.0,-51.0,-51.0,0,0,1,0,1
0,0.0,-51.0,-51.0,0,0,1,0,1
1,0.0,-51.0,-62.66824021279812,0,0,1,0,2
0,0.0,-51.0,-51.0,0,0,1,0,1
1,0.0,-51.0,-62.66824021279812,0,0,1,0,2
2,0.0,-51.0,-58.83695902685635,0,0,1,0,3
0,0.0,-51.0,-51.0,0,0,1,0,1
1,0.0,-51.0,-62.66824021279812,0,0,1,0,2
2,0.0,-51.0,-58.83695902685635,0,0,1,0,3
3,0.0,-51.0,-55.127239826964214,0,0,1,0,4
0,0.0,-51.0,-51.0,0,0,1,0,1
1,0.0,-51.0,-62.66824021279812,0,0,1,0,2
2,0.0,-51.0,-58.83695902685635,0,0,1,0,3
3,0.0,-51.0,-55.127239826964214,0,0,1,0,4
4,0.0,-51.0,-66.7430191398412,0,0,1,0,5
0,0.0,-51.0,-51.0,0,0,1,0,1
1,0.0,-51.0,-62.66824021279812,0,0,1,0,2
2,0.0,-51.0,-58.83695902685635,0,0,1,0,3
3,0.0,-51.0,-55.127239826964214,0,0,1,0,4
4,0.0,-51.0,-66.7430191398412,0,0,1,0,5
5,0.0,-51.0,-49.62071303954348,0,0,1,0,6
0,0.93,-9.39,-9.39,0,0,1,0,1
0,0.93,-9.39,-9.39,0,0,1,0,1
1,1.0,-5.27,-5.322792949592695,0,0,1,0,2
0,0.93,-9.39,-9.39,0,0,1,0,1
1,1.0,-5.27,-5.322792949592695,0,0,1,0,2
2,1.0,-5.43,-5.450323878417257,0,0,1,0,3
0,0.93,-9.39,-9.39,0,0,1,0,1
1,1.0,-5.27,-5.322792949592695,0,0,1,0,2
2,1.0,-5.43,-5.450323878417257,0,0,1,0,3
3,1.0,-5.5,-5.52063049323624,0,0,1,0,4
0,0.93,-9.39,-9.39,0,0,1,0,1
1,1.0,-5.27,-5.322792949592695,0,0,1,0,2
2,1.0,-5.43,-5.450323878417257,0,0,1,0,3
3,1.0,-5.5,-5.52063049323624,0,0,1,0,4
4,1.0,-5.54,-5.553927372798789,0,0,1,0,5
0,0.93,-9.39,-9.39,0,0,1,0,1
0,0.93,-9.39,-9.39,0,0,1,0,1
0,0.93,-9.39,-9.39,0,0,1,0,1
0,0.93,-9.39,-9.39,0,0,1,0,1
0,0.93,-9.39,-9.39,0,0,1,0,1
1,1.0,-5.41,-3.9759579552710056,0,0,1,0,2
0,0.93,-9.39,-9.39,0,0,1,0,1
1,1.0,-5.41,-3.9759579552710056,0,0,1,0,2
2,0.97,-6.64,-5.812448695152998,0,0,1,0,3
0,0.93,-9.39,-9.39,0,0,1,0,1
1,1.0,-5.41,-3.9759579552710056,0,0,1,0,2
2,0.97,-6.64,-5.812448695152998,0,0,1,0,3
3,1.0,-5.18,-2.7843697914481162,0,0,1,0,4
0,0.93,-9.39,-9.39,0,0,1,0,1
1,1.0,-5.41,-3.9759579552710056,0,0,1,0,2
2,0.97,-6.64,-5.812448695152998,0,0,1,0,3
3,1.0,-5.18,-2.7843697914481162,0,0,1,0,4
4,0.97,-7.17,-3.010750121474266,0,0,1,0,5
0,0.93,-9.39,-9.39,0,0,1,0,1
1,1.0,-5.41,-3.9759579552710056,0,0,1,0,2
2,0.97,-6.64,-5.812448695152998,0,0,1,0,3
3,1.0,-5.18,-2.7843697914481162,0,0,1,0,4
4,0.97,-7.17,-3.010750121474266,0,0,1,0,5
5,1.0,-5.47,-3.874932036995888,0,0,1,0,6
0,0.93,-9.39,-9.39,0,0,1,0,1
1,1.0,-5.41,-3.9759579552710056,0,0,1,0,2
2,0.97,-6.64,-5.812448695152998,0,0,1,0,3
3,1.0,-5.18,-2.7843697914481162,0,0,1,0,4
4,0.97,-7.17,-3.010750121474266,0,0,1,0,5
5,1.0,-5.47,-3.874932036995888,0,0,1,0,6
6,0.85,-12.56,-9.661550675928593,0,0,1,0,7
0,0.93,-9.39,-9.39,0,0,1,0,1
1,1.0,-5.41,-3.9759579552710056,0,0,1,0,2
2,0.97,-6.64,-5.812448695152998,0,0,1,0,3
3,1.0,-5.18,-2.7843697914481162,0,0,1,0,4
4,0.97,-7.17,-3.010750121474266,0,0,1,0,5
5,1.0,-5.47,-3.874932036995888,0,0,1,0,6
6,0.85,-12.56,-9.661550675928593,0,0,1,0,7
7,0.49,-29.29,-11.506844789981843,0,0,1,0,8
0,0.93,-9.39,-9.39,0,0,1,0,1
1,1.0,-5.41,-3.9759579552710056,0,0,1,0,2
2,0.97,-6.64,-5.812448695152998,0,0,1,0,3
3,1.0,-5.18,-2.7843697914481162,0,0,1,0,4
4,0.97,-7.17,-3.010750121474266,0,0,1,0,5
5,1.0,-5.47,-3.874932036995888,0,0,1,0,6
6,0.85,-12.56,-9.661550675928593,0,0,1,0,7
7,0.49,-29.29,-11.506844789981843,0,0,1,0,8
8,0.65,-21.69,5.419654932022095,0,0,1,0,9
0,0.93,-9.39,-9.39,0,0,1,0,1
1,1.0,-5.41,-3.9759579552710056,0,0,1,0,2
2,0.97,-6.64,-5.812448695152998,0,0,1,0,3
3,1.0,-5.18,-2.7843697914481162,0,0,1,0,4
4,0.97,-7.17,-3.010750121474266,0,0,1,0,5
5,1.0,-5.47,-3.874932036995888,0,0,1,0,6
6,0.85,-12.56,-9.661550675928593,0,0,1,0,7
7,0.49,-29.29,-11.506844789981843,0,0,1,0,8
8,0.65,-21.69,5.419654932022095,0,0,1,0,9
9,0.65,-21.66,-1.237851655483246,0,0,1,0,10
0,-0.46,0.0,4.068714436786182,0.0,0.88,17.959367454847275,0,0,0.09,0,1
0,-0.46,0.0,4.068714436786182,0.0,0.88,17.959367454847275,0,0,0.09,0,1
1,-0.82,0.0,5.842761815086581,0.523218615416382,1.58,14.480829867918988,0,0,0.09,0,2
0,-0.46,0.0,4.068714436786182,0.0,0.88,17.959367454847275,0,0,0.09,0,1
1,-0.82,0.0,5.842761815086581,0.523218615416382,1.58,14.480829867918988,0,0,0.09,0,2
2,-0.26,0.0,5.2719382371366725,1.9170200785506515,4.06,19.05338445509762,0,0,0.09,0,3
0,-0.46,0.0,4.068714436786182,0.0,0.88,17.959367454847275,0,0,0.09,0,1
1,-0.82,0.0,5.842761815086581,0.523218615416382,1.58,14.480829867918988,0,0,0.09,0,2
2,-0.26,0.0,5.2719382371366725,1.9170200785506515,4.06,19.05338445509762,0,0,0.09,0,3
3,-0.55,0.0,6.355856523277749,1.59517679912299,0.55,19.264183230912682,0,0,0.09,0,4
0,-0.46,0.0,4.068714436786182,0.0,0.88,17.959367454847275,0,0,0.09,0,1
1,-0.82,0.0,5.842761815086581,0.523218615416382,1.58,14.480829867918988,0,0,0.09,0,2
2,-0.26,0.0,5.2719382371366725,1.9170200785506515,4.06,19.05338445509762,0,0,0.09,0,3
3,-0.55,0.0,6.355856523277749,1.59517679912299,0.55,19.264183230912682,0,0,0.09,0,4
4,-0.45,0.0,8.339346297129335,1.5426620368793609,4.6,19.590961640806675,0,0,0.09,0,5
0,-0.46,0.0,4.068714436786182,0.0,0.88,17.959367454847275,0,0,0.09,0,1
1,-0.82,0.0,5.842761815086581,0.523218615416382,1.58,14.480829867918988,0,0,0.09,0,2
2,-0.26,0.0,5.2719382371366725,1.9170200785506515,4.06,19.05338445509762,0,0,0.09,0,3
3,-0.55,0.0,6.355856523277749,1.59517679912299,0.55,19.264183230912682,0,0,0.09,0,4
4,-0.45,0.0,8.339346297129335,1.5426620368793609,4.6,19.590961640806675,0,0,0.09,0,5
5,-0.47,0.0,7.537615666061125,2.5155034899428492,1.34,21.01201119004367,0,0,0.09,0,6
0,-0.46,0.0,4.068714436786182,0.0,0.88,17.959367454847275,0,0,0.09,0,1
1,-0.82,0.0,5.842761815086581,0.523218615416382,1.58,14.480829867918988,0,0,0.09,0,2
2,-0.26,0.0,5.2719382371366725,1.9170200785506515,4.06,19.05338445509762,0,0,0.09,0,3
3,-0.55,0.0,6.355856523277749,1.59517679912299,0.55,19.264183230912682,0,0,0.09,0,4
4,-0.45,0.0,8.339346297129335,1.5426620368793609,4.6,19.590961640806675,0,0,0.09,0,5
5,-0.47,0.0,7.537615666061125,2.5155034899428492,1.34,21.01201119004367,0,0,0.09,0,6
6,-0.29,0.0,6.413589145874697,4.962632987442613,1.06,22.375992247053347,0,0,0.09,0,7
0,-0.46,0.0,4.068714436786182,0.0,0.88,17.959367454847275,0,0,0.09,0,1
1,-0.82,0.0,5.842761815086581,0.523218615416382,1.58,14.480829867918988,0,0,0.09,0,2
2,-0.26,0.0,5.2719382371366725,1.9170200785506515,4.06,19.05338445509762,0,0,0.09,0,3
3,-0.55,0.0,6.355856523277749,1.59517679912299,0.55,19.264183230912682,0,0,0.09,0,4
4,-0.45,0.0,8.339346297129335,1.5426620368793609,4.6,19.590961640806675,0,0,0.09,0,5
5,-0.47,0.0,7.537615666061125,2.5155034899428492,1.34,21.01201119004367,0,0,0.09,0,6
6,-0.29,0.0,6.413589145874697,4.962632987442613,1.06,22.375992247053347,0,0,0.09,0,7
7,-0.29,0.0,6.256130772589418,4.16973617324978,3.0,20.06152198042101,0,0,0.09,0,8
0,-0.46,0.0,4.068714436786182,0.0,0.88,17.959367454847275,0,0,0.09,0,1
1,-0.82,0.0,5.842761815086581,0.523218615416382,1.58,14.480829867918988,0,0,0.09,0,2
2,-0.26,0.0,5.2719382371366725,1.9170200785506515,4.06,19.05338445509762,0,0,0.09,0,3
3,-0.55,0.0,6.355856523277749,1.59517679912299,0.55,19.264183230912682,0,0,0.09,0,4
4,-0.45,0.0,8.339346297129335,1.5426620368793609,4.6,19.590961640806675,0,0,0.09,0,5
5,-0.47,0.0,7.537615666061125,2.5155034899428492,1.34,21.01201119004367,0,0,0.09,0,6
6,-0.29,0.0,6.413589145874697,4.962632987442613,1.06,22.375992247053347,0,0,0.09,0,7
7,-0.29,0.0,6.256130772589418,4.16973617324978,3.0,20.06152198042101,0,0,0.09,0,8
8,-0.26,0.0,7.083604452661508,4.09736777291447,0.88,22.870003180472512,0,0,0.09,0,9
0,-0.46,0.0,4.068714436786182,0.0,0.88,17.959367454847275,0,0,0.09,0,1
0,-0.46,0.0,4.068714436786182,0.0,0.88,17.959367454847275,0,0,0.09,0,1
1,-0.75,0.0,5.255090841870821,0.8032833789646628,0.98,15.7053506013363,0,0,0.09,0,2
0,-0.46,0.0,4.068714436786182,0.0,0.88,17.959367454847275,0,0,0.09,0,1
1,-0.75,0.0,5.255090841870821,0.8032833789646628,0.98,15.7053506013363,0,0,0.09,0,2
2,-0.69,0.0,7.04646349280172,0.5645221450030804,3.18,16.42490249485838,0,0,0.09,0,3
0,-0.46,0.0,4.068714436786182,0.0,0.88,17.959367454847275,0,0,0.09,0,1
1,-0.75,0.0,5.255090841870821,0.8032833789646628,0.98,15.7053506013363,0,0,0.09,0,2
2,-0.69,0.0,7.04646349280172,0.5645221450030804,3.18,16.42490249485838,0,0,0.09,0,3
3,-0.34,0.0,5.514639498862535,2.897118775141239,2.69,18.815599642044678,0,0,0.09,0,4
0,-0.46,0.0,4.068714436786182,0.0,0.88,17.959367454847275,0,0,0.09,0,1
1,-0.75,0.0,5.255090841870821,0.8032833789646628,0.98,15.7053506013363,0,0,0.09,0,2
2,-0.69,0.0,7.04646349280172,0.5645221450030804,3.18,16.42490249485838,0,0,0.09,0,3
3,-0.34,0.0,5.514639498862535,2.897118775141239,2.69,18.815599642044678,0,0,0.09,0,4
4,-0.39,0.0,6.826404228182131,3.4377619300782682,1.98,20.23486016298724,0,0,0.09,0,5
0,-0.46,0.0,4.068714436786182,0.0,0.88,17.959367454847275,0,0,0.09,0,1
1,-0.75,0.0,5.255090841870821,0.8032833789646628,0.98,15.7053506013363,0,0,0.09,0,2
2,-0.69,0.0,7.04646349280172,0.5645221450030804,3.18,16.42490249485838,0,0,0.09,0,3
3,-0.34,0.0,5.514639498862535,2.897118775141239,2.69,18.815599642044678,0,0,0.09,0,4
4,-0.39,0.0,6.826404228182131,3.4377619300782682,1.98,20.23486016298724,0,0,0.09,0,5
5,-0.58,0.0,7.2805835751587,2.994685128951074,1.02,20.09155969654193,0,0,0.09,0,6
0,-0.46,0.0,4.068714436786182,0.0,0.88,17.959367454847275,0,0,0.09,0,1
1,-0.75,0.0,5.255090841870821,0.8032833789646628,0.98,15.7053506013363,0,0,0.09,0,2
2,-0.69,0.0,7.04646349280172,0.5645221450030804,3.18,16.42490249485838,0,0,0.09,0,3
3,-0.34,0.0,5.514639498862535,2.897118775141239,2.69,18.815599642044678,0,0,0.09,0,4
4,-0.39,0.0,6.826404228182131,3.4377619300782682,1.98,20.23486016298724,0,0,0.09,0,5
5,-0.58,0.0,7.2805835751587,2.994685128951074,1.02,20.09155969654193,0,0,0.09,0,6
6,-0.28,0.0,7.660576081364858,3.72943184427023,2.78,21.454982915260622,0,0,0.09,0,7
0,-0.46,0.0,4.068714436786182,0.0,0.88,17.959367454847275,0,0,0.09,0,1
1,-0.75,0.0,5.255090841870821,0.8032833789646628,0.98,15.7053506013363,0,0,0.09,0,2
2,-0.69,0.0,7.04646349280172,0.5645221450030804,3.18,16.42490249485838,0,0,0.09,0,3
3,-0.34,0.0,5.514639498862535,2.897118775141239,2.69,18.815599642044678,0,0,0.09,0,4
4,-0.39,0.0,6.826404228182131,3.4377619300782682,1.98,20.23486016298724,0,0,0.09,0,5
5,-0.58,0.0,7.2805835751587,2.994685128951074,1.02,20.09155969654193,0,0,0.09,0,6
6,-0.28,0.0,7.660576081364858,3.72943184427023,2.78,21.454982915260622,0,0,0.09,0,7
7,-0.31,0.0,6.9926787523623135,4.127835508829357,1.34,21.45848482311594,0,0,0.09,0,8
0,-0.46,0.0,4.068714436786182,0.0,0.88,17.959367454847275,0,0,0.09,0,1
1,-0.75,0.0,5.255090841870821,0.8032833789646628,0.98,15.7053506013363,0,0,0.09,0,2
2,-0.69,0.0,7.04646349280172,0.5645221450030804,3.18,16.42490249485838,0,0,0.09,0,3
3,-0.34,0.0,5.514639498862535,2.897118775141239,2.69,18.815599642044678,0,0,0.09,0,4
4,-0.39,0.0,6.826404228182131,3.4377619300782682,1.98,20.23486016298724,0,0,0.09,0,5
5,-0.58,0.0,7.2805835751587,2.994685128951074,1.02,20.09155969654193,0,0,0.09,0,6
6,-0.28,0.0,7.660576081364858,3.72943184427023,2.78,21.454982915260622,0,0,0.09,0,7
7,-0.31,0.0,6.9926787523623135,4.127835508829357,1.34,21.45848482311594,0,0,0.09,0,8
8,-0.3,0.0,8.010825545542486,3.800160800135138,2.05,22.224875389673212,0,0,0.09,0,9
0,-0.46,0.0,4.068714436786182,0.0,0.88,17.959367454847275,0,0,0.09,0,1
1,-0.75,0.0,5.255090841870821,0.8032833789646628,0.98,15.7053506013363,0,0,0.09,0,2
2,-0.69,0.0,7.04646349280172,0.5645221450030804,3.18,16.42490249485838,0,0,0.09,0,3
3,-0.34,0.0,5.514639498862535,2.897118775141239,2.69,18.815599642044678,0,0,0.09,0,4
4,-0.39,0.0,6.826404228182131,3.4377619300782682,1.98,20.23486016298724,0,0,0.09,0,5
5,-0.58,0.0,7.2805835751587,2.994685128951074,1.02,20.09155969654193,0,0,0.09,0,6
6,-0.28,0.0,7.660576081364858,3.72943184427023,2.78,21.454982915260622,0,0,0.09,0,7
7,-0.31,0.0,6.9926787523623135,4.127835508829357,1.34,21.45848482311594,0,0,0.09,0,8
8,-0.3,0.0,8.010825545542486,3.800160800135138,2.05,22.224875389673212,0,0,0.09,0,9
9,-0.43,0.0,7.519143026703226,2.894432720321417,0.84,21.255959304788018,0,0,0.09,0,10
0,-0.46,0.0,4.068714436786182,0.0,0.88,17.959367454847275,0,0,0.09,0,1
1,-0.75,0.0,5.255090841870821,0.8032833789646628,0.98,15.7053506013363,0,0,0.09,0,2
2,-0.69,0.0,7.04646349280172,0.5645221450030804,3.18,16.42490249485838,0,0,0.09,0,3
3,-0.34,0.0,5.514639498862535,2.897118775141239,2.69,18.815599642044678,0,0,0.09,0,4
4,-0.39,0.0,6.826404228182131,3.4377619300782682,1.98,20.23486016298724,0,0,0.09,0,5
5,-0.58,0.0,7.2805835751587,2.994685128951074,1.02,20.09155969654193,0,0,0.09,0,6
6,-0.28,0.0,7.660576081364858,3.72943184427023,2.78,21.454982915260622,0,0,0.09,0,7
7,-0.31,0.0,6.9926787523623135,4.127835508829357,1.34,21.45848482311594,0,0,0.09,0,8
8,-0.3,0.0,8.010825545542486,3.800160800135138,2.05,22.224875389673212,0,0,0.09,0,9
9,-0.43,0.0,7.519143026703226,2.894432720321417,0.84,21.255959304788018,0,0,0.09,0,10
10,-0.3,0.0,7.184029044674787,3.9411892259359353,1.0,22.89573503191056,0,0,0.09,0,11
0,-0.46,0.0,4.068714436786182,0.0,0.88,17.959367454847275,0,0,0.09,0,1
1,-0.75,0.0,5.255090841870821,0.8032833789646628,0.98,15.7053506013363,0,0,0.09,0,2
2,-0.69,0.0,7.04646349280172,0.5645221450030804,3.18,16.42490249485838,0,0,0.09,0,3
3,-0.34,0.0,5.514639498862535,2.897118775141239,2.69,18.815599642044678,0,0,0.09,0,4
4,-0.39,0.0,6.826404228182131,3.4377619300782682,1.98,20.23486016298724,0,0,0.09,0,5
5,-0.58,0.0,7.2805835751587,2.994685128951074,1.02,20.09155969654193,0,0,0.09,0,6
6,-0.28,0.0,7.660576081364858,3.72943184427023,2.78,21.454982915260622,0,0,0.09,0,7
7,-0.31,0.0,6.9926787523623135,4.127835508829357,1.34,21.45848482311594,0,0,0.09,0,8
8,-0.3,0.0,8.010825545542486,3.800160800135138,2.05,22.224875389673212,0,0,0.09,0,9
9,-0.43,0.0,7.519143026703226,2.894432720321417,0.84,21.255959304788018,0,0,0.09,0,10
10,-0.3,0.0,7.184029044674787,3.9411892259359353,1.0,22.89573503191056,0,0,0.09,0,11
11,-0.29,0.0,6.9788278565346875,4.649296381223202,1.55,22.04487704038193,0,0,0.09,0,12
0,-0.46,0.0,4.068714436786182,0.0,0.88,17.959367454847275,0,0,0.09,0,1
1,-0.75,0.0,5.255090841870821,0.8032833789646628,0.98,15.7053506013363,0,0,0.09,0,2
2,-0.69,0.0,7.04646349280172,0.5645221450030804,3.18,16.42490249485838,0,0,0.09,0,3
3,-0.34,0.0,5.514639498862535,2.897118775141239,2.69,18.815599642044678,0,0,0.09,0,4
4,-0.39,0.0,6.826404228182131,3.4377619300782682,1.98,20.23486016298724,0,0,0.09,0,5
5,-0.58,0.0,7.2805835751587,2.994685128951074,1.02,20.09155969654193,0,0,0.09,0,6
6,-0.28,0.0,7.660576081364858,3.72943184427023,2.78,21.454982915260622,0,0,0.09,0,7
7,-0.31,0.0,6.9926787523623135,4.127835508829357,1.34,21.45848482311594,0,0,0.09,0,8
8,-0.3,0.0,8.010825545542486,3.800160800135138,2.05,22.224875389673212,0,0,0.09,0,9
9,-0.43,0.0,7.519143026703226,2.894432720321417,0.84,21.255959304788018,0,0,0.09,0,10
10,-0.3,0.0,7.184029044674787,3.9411892259359353,1.0,22.89573503191056,0,0,0.09,0,11
11,-0.29,0.0,6.9788278565346875,4.649296381223202,1.55,22.04487704038193,0,0,0.09,0,12
12,-0.2,0.0,7.578169250606687,4.570887546730042,0.5,24.334406607576206,0,0,0.09,0,13
0,-0.46,0.0,4.068714436786182,0.0,0.88,17.959367454847275,0,0,0.09,0,1
1,-0.75,0.0,5.255090841870821,0.8032833789646628,0.98,15.7053506013363,0,0,0.09,0,2
2,-0.69,0.0,7.04646349280172,0.5645221450030804,3.18,16.42490249485838,0,0,0.09,0,3
3,-0.34,0.0,5.514639498862535,2.897118775141239,2.69,18.815599642044678,0,0,0.09,0,4
4,-0.39,0.0,6.826404228182131,3.4377619300782682,1.98,20.23486016298724,0,0,0.09,0,5
5,-0.58,0.0,7.2805835751587,2.994685128951074,1.02,20.09155969654193,0,0,0.09,0,6
6,-0.28,0.0,7.660576081364858,3.72943184427023,2.78,21.454982915260622,0,0,0.09,0,7
7,-0.31,0.0,6.9926787523623135,4.127835508829357,1.34,21.45848482311594,0,0,0.09,0,8
8,-0.3,0.0,8.010825545542486,3.800160800135138,2.05,22.224875389673212,0,0,0.09,0,9
9,-0.43,0.0,7.519143026703226,2.894432720321417,0.84,21.255959304788018,0,0,0.09,0,10
10,-0.3,0.0,7.184029044674787,3.9411892259359353,1.0,22.89573503191056,0,0,0.09,0,11
11,-0.29,0.0,6.9788278565346875,4.649296381223202,1.55,22.04487704038193,0,0,0.09,0,12
12,-0.2,0.0,7.578169250606687,4.570887546730042,0.5,24.334406607576206,0,0,0.09,0,13
13,-0.29,0.0,9.16410725688271,4.093690160822868,2.51,23.423505183487656,0,0,0.09,0,14

0,-0.46,0.0,4.068714436786182,0.0,0.88,17.959367454847275,0,0,0.19,0,1
0,-0.46,0.0,4.068714436786182,0.0,0.88,17.959367454847275,0,0,0.19,0,1
1,-0.48,0.0,4.567885857504112,2.096042474199331,0.45,18.195632755360084,0,0,0.19,0,2
0,-0.46,0.0,4.068714436786182,0.0,0.88,17.959367454847275,0,0,0.19,0,1
1,-0.48,0.0,4.567885857504112,2.096042474199331,0.45,18.195632755360084,0,0,0.19,0,2
2,-0.77,0.0,5.698188804271434,1.7469418398025214,2.37,14.902706288765312,0,0,0.19,0,3
0,-0.46,0.0,4.068714436786182,0.0,0.88,17.959367454847275,0,0,0.19,0,1
1,-0.48,0.0,4.567885857504112,2.096042474199331,0.45,18.195632755360084,0,0,0.19,0,2
2,-0.77,0.0,5.698188804271434,1.7469418398025214,2.37,14.902706288765312,0,0,0.19,0,3
3,-0.48,0.0,6.658957074459068,2.6657450548062593,1.91,18.949826481756485,0,0,0.19,0,4
0,-0.46,0.0,4.068714436786182,0.0,0.88,17.959367454847275,0,0,0.19,0,1
1,-0.48,0.0,4.567885857504112,2.096042474199331,0.45,18.195632755360084,0,0,0.19,0,2
2,-0.77,0.0,5.698188804271434,1.7469418398025214,2.37,14.902706288765312,0,0,0.19,0,3
3,-0.48,0.0,6.658957074459068,2.6657450548062593,1.91,18.949826481756485,0,0,0.19,0,4
4,-0.55,0.0,6.377853535943707,3.0499660031311215,1.86,17.810466811388352,0,0,0.19,0,5
0,-0.46,0.0,4.068714436786182,0.0,0.88,17.959367454847275,0,0,0.19,0,1
1,-0.48,0.0,4.567885857504112,2.096042474199331,0.45,18.195632755360084,0,0,0.19,0,2
2,-0.77,0.0,5.698188804271434,1.7469418398025214,2.37,14.902706288765312,0,0,0.19,0,3
3,-0.48,0.0,6.658957074459068,2.6657450548062593,1.91,18.949826481756485,0,0,0.19,0,4
4,-0.55,0.0,6.377853535943707,3.0499660031311215,1.86,17.810466811388352,0,0,0.19,0,5
5,-0.24,0.0,6.692876932366667,3.1291920890945937,4.9,18.924912094547622,0,0,0.19,0,6
0,-0.46,0.0,4.068714436786182,0.0,0.88,17.959367454847275,0,0,0.19,0,1
1,-0.48,0.0,4.567885857504112,2.096042474199331,0.45,18.195632755360084,0,0,0.19,0,2
2,-0.77,0.0,5.698188804271434,1.7469418398025214,2.37,14.902706288765312,0,0,0.19,0,3
3,-0.48,0.0,6.658957074459068,2.6657450548062593,1.91,18.949826481756485,0,0,0.19,0,4
4,-0.55,0.0,6.377853535943707,3.0499660031311215,1.86,17.810466811388352,0,0,0.19,0,5
5,-0.24,0.0,6.692876932366667,3.1291920890945937,4.9,18.924912094547622,0,0,0.19,0,6
6,-0.32,0.0,6.360843671158486,4.189361472126097,1.71,20.875459765113206,0,0,0.19,0,7
0,-0.46,0.0,4.068714436786182,0.0,0.88,17.959367454847275,0,0,0.19,0,1
1,-0.48,0.0,4.567885857504112,2.096042474199331,0.45,18.195632755360084,0,0,0.19,0,2
2,-0.77,0.0,5.698188804271434,1.7469418398025214,2.37,14.902706288765312,0,0,0.19,0,3
3,-0.48,0.0,6.658957074459068,2.6657450548062593,1.91,18.949826481756485,0,0,0.19,0,4
4,-0.55,0.0,6.377853535943707,3.0499660031311215,1.86,17.810466811388352,0,0,0.19,0,5
5,-0.24,0.0,6.692876932366667,3.1291920890945937,4.9,18.924912094547622,0,0,0.19,0,6
6,-0.32,0.0,6.360843671158486,4.189361472126097,1.71,20.875459765113206,0,0,0.19,0,7
7,-0.39,0.0,7.293466917862786,3.2523710471492255,1.82,20.867904941330575,0,0,0.19,0,8
0,-0.46,0.0,4.068714436786182,0.0,0.88,17.959367454847275,0,0,0.19,0,1
1,-0.48,0.0,4.567885857504112,2.096042474199331,0.45,18.195632755360084,0,0,0.19,0,2
2,-0.77,0.0,5.698188804271434,1.7469418398025214,2.37,14.902706288765312,0,0,0.19,0,3
3,-0.48,0.0,6.658957074459068,2.6657450548062593,1.91,18.949826481756485,0,0,0.19,0,4
4,-0.55,0.0,6.377853535943707,3.0499660031311215,1.86,17.810466811388352,0,0,0.19,0,5
5,-0.24,0.0,6.692876932366667,3.1291920890945937,4.9,18.924912094547622,0,0,0.19,0,6
6,-0.32,0.0,6.360843671158486,4.189361472126097,1.71,20.875459765113206,0,0,0.19,0,7
7,-0.39,0.0,7.293466917862786,3.2523710471492255,1.82,20.867904941330575,0,0,0.19,0,8
8,-0.52,0.0,8.355728484940988,2.965941637912392,1.81,20.584663203529274,0,0,0.19,0,9
0,-0.4,0.0,8.108335599860231,0.96617659771815,1.81,22.136525428471586,0,0,0.19,0,1
0,-0.4,0.0,8.108335599860231,0.96617659771815,1.81,22.136525428471586,0,0,0.19,0,1
1,-0.45,0.0,9.014892502407799,1.4006721227659846,4.33,20.410923216005575,0,0,0.19,0,2
0,-0.4,0.0,8.108335599860231,0.96617659771815,1.81,22.136525428471586,0,0,0.19,0,1
1,-0.45,0.0,9.014892502407799,1.4006721227659846,4.33,20.410923216005575,0,0,0.19,0,2
2,-0.36,0.0,7.966900063354729,3.2856102690753977,1.29,22.5657857595391,0,0,0.19,0,3
0,-0.4,0.0,8.108335599860231,0.96617659771815,1.81,22.136525428471586,0,0,0.19,0,1
1,-0.45,0.0,9.014892502407799,1.4006721227659846,4.33,20.410923216005575,0,0,0.19,0,2
2,-0.36,0.0,7.966900063354729,3.2856102690753977,1.29,22.5657857595391,0,0,0.19,0,3
3,-0.33,0.0,7.585527666747106,4.150064614106966,1.26,22.22451976196222,0,0,0.19,0,4
0,-0.4,0.0,8.108335599860231,0.96617659771815,1.81,22.136525428471586,0,0,0.19,0,1
1,-0.45,0.0,9.014892502407799,1.4006721227659846,4.33,20.410923216005575,0,0,0.19,0,2
2,-0.36,0.0,7.966900063354729,3.2856102690753977,1.29,22.5657857595391,0,0,0.19,0,3
3,-0.33,0.0,7.585527666747106,4.150064614106966,1.26,22.22451976196222,0,0,0.19,0,4
4,-0.29,0.0,8.124081833188777,4.482488335665526,1.15,23.290058452277695,0,0,0.19,0,5
0,-0.4,0.0,8.108335599860231,0.96617659771815,1.81,22.136525428471586,0,0,0.19,0,1
1,-0.45,0.0,9.014892502407799,1.4006721227659846,4.33,20.410923216005575,0,0,0.19,0,2
2,-0.36,0.0,7.966900063354729,3.2856102690753977,1.29,22.5657857595391,0,0,0.19,0,3
3,-0.33,0.0,7.585527666747106,4.150064614106966,1.26,22.22451976196222,0,0,0.19,0,4
4,-0.29,0.0,8.124081833188777,4.482488335665526,1.15,23.290058452277695,0,0,0.19,0,5
5,-0.25,0.0,8.32114856601527,3.0707397339249507,2.19,22.83453469001091,0,0,0.19,0,6
0,-0.4,0.0,8.108335599860231,0.96617659771815,1.81,22.136525428471586,0,0,0.19,0,1
1,-0.45,0.0,9.014892502407799,1.4006721227659846,4.33,20.410923216005575,0,0,0.19,0,2
2,-0.36,0.0,7.966900063354729,3.2856102690753977,1.29,22.5657857595391,0,0,0.19,0,3
3,-0.33,0.0,7.585527666747106,4.150064614106966,1.26,22.22451976196222,0,0,0.19,0,4
4,-0.29,0.0,8.124081833188777,4.482488335665526,1.15,23.290058452277695,0,0,0.19,0,5
5,-0.25,0.0,8.32114856601527,3.0707397339249507,2.19,22.83453469001091,0,0,0.19,0,6
6,-0.38,0.0,7.761103372283692,2.118471786168254,1.04,22.075930980202628,0,0,0.19,0,7
0,-0.4,0.0,8.108335599860231,0.96617659771815,1.81,22.136525428471586,0,0,0.19,0,1
1,-0.45,0.0,9.014892502407799,1.4006721227659846,4.33,20.410923216005575,0,0,0.19,0,2
2,-0.36,0.0,7.966900063354729,3.2856102690753977,1.29,22.5657857595391,0,0,0.19,0,3
3,-0.33,0.0,7.585527666747106,4.150064614106966,1.26,22.22451976196222,0,0,0.19,0,4
4,-0.29,0.0,8.124081833188777,4.482488335665526,1.15,23.290058452277695,0,0,0.19,0,5
5,-0.25,0.0,8.32114856601527,3.0707397339249507,2.19,22.83453469001091,0,0,0.19,0,6
6,-0.38,0.0,7.761103372283692,2.118471786168254,1.04,22.075930980202628,0,0,0.19,0,7
7,-0.32,0.0,7.138837507064378,4.5354486585210365,0.77,22.047455362188842,0,0,0.19,0,8
0,-0.4,0.0,8.108335599860231,0.96617659771815,1.81,22.136525428471586,0,0,0.19,0,1
1,-0.45,0.0,9.014892502407799,1.4006721227659846,4.33,20.410923216005575,0,0,0.19,0,2
2,-0.36,0.0,7.966900063354729,3.2856102690753977,1.29,22.5657857595391,0,0,0.19,0,3
3,-0.33,0.0,7.585527666747106,4.150064614106966,1.26,22.22451976196222,0,0,0.19,0,4
4,-0.29,0.0,8.124081833188777,4.482488335665526,1.15,23.290058452277695,0,0,0.19,0,5
5,-0.25,0.0,8.32114856601527,3.0707397339249507,2.19,22.83453469001091,0,0,0.19,0,6
6,-0.38,0.0,7.761103372283692,2.118471786168254,1.04,22.075930980202628,0,0,0.19,0,7
7,-0.32,0.0,7.138837507064378,4.5354486585210365,0.77,22.047455362188842,0,0,0.19,0,8
8,-0.29,0.0,9.391233089389482,2.737605279951452,2.12,23.404880778135343,0,0,0.19,0,9
